host_index,hostname,seed,gpu,arm,endpoint_seconds_median,ready_arrays_to_consumer_seconds_median,correction_seconds_median,audit_seconds_median,release_verifier_seconds_median,logical_mask_seconds_median,compaction_seconds_median,synchronization_seconds_median,consumer_seconds_median,unclassified_overhead_seconds_median,gpu_energy_joules_median,peak_memory_allocated_bytes_median,peak_memory_reserved_bytes_median,physical_candidate_slots_median,logical_live_candidate_slots_median,frozen_but_computed_slots_median,audit_events_median,screen_pass_candidate_count_median,release_verifier_candidate_count_median,release_verified_candidate_count_median,compaction_events_median,logical_mask_applications_median
0,t-20260823121700-5rtng-worker-0,1884470933,0,official,45.089288372546434,45.089288372546434,,,,,,,1.8559952601790428,,12390.886,304039424.0,524288000.0,,,,,,,,,
0,t-20260823121700-5rtng-worker-0,1884470933,0,w1,3.53421550989151,3.53421550989151,1.381340027809143,0.5129878520965576,0.10464441031217575,0.0,0.0,0.0002889297902584076,1.8574558608233929,0.0,803.076,62822912.0,268435456.0,156.0,156.0,0.0,39.0,8.0,8.0,8.0,0.0,0.0
0,t-20260823121700-5rtng-worker-0,1884470933,0,fw,3.8902325816452503,3.8902325816452503,1.705746654510498,0.6382811963558197,0.10462339594960213,0.0,0.0,4.407763481140137e-05,1.8582964949309826,0.0,988.719,84738048.0,272629760.0,256.0,256.0,0.0,8.0,33.0,8.0,8.0,0.0,0.0
0,t-20260823121700-5rtng-worker-0,1884470933,0,lm,3.888550531119108,3.888550531119108,1.7055466804504396,0.6380314007401466,0.10501780360937119,0.00030432000011205675,0.0,3.7692487239837646e-05,1.8570553474128246,0.0,967.006,84738048.0,274726912.0,256.0,156.0,100.0,8.0,8.0,8.0,8.0,0.0,20.0
0,t-20260823121700-5rtng-worker-0,1884470933,0,pc,3.1778970174491405,3.1778970174491405,1.0710531902313232,0.40032127499580383,0.10494517534971237,0.0,0.0037359679341316225,4.4655054807662964e-05,1.8564766384661198,0.0,748.001,112134144.0,270532608.0,156.0,156.0,0.0,8.0,8.0,8.0,8.0,5.0,0.0
0,t-20260823121700-5rtng-worker-0,1884470933,1,official,45.081153232604265,45.081153232604265,,,,,,,1.854427944868803,,11418.273,304039424.0,524288000.0,,,,,,,,,
0,t-20260823121700-5rtng-worker-0,1884470933,1,w1,3.530634507536888,3.530634507536888,1.3799379501342774,0.5123183764517307,0.10449230670928955,0.0,0.0,0.0002874210476875305,1.8560047335922718,0.0,729.813,62822912.0,268435456.0,156.0,156.0,0.0,39.0,8.0,8.0,8.0,0.0,0.0
0,t-20260823121700-5rtng-worker-0,1884470933,1,fw,3.9022981263697147,3.9022981263697147,1.7175239219665528,0.6432509906589985,0.10434680804610252,0.0,0.0,4.9591064453125e-05,1.8566940426826477,0.0,892.826,84738048.0,272629760.0,256.0,256.0,0.0,8.0,33.0,8.0,8.0,0.0,0.0
0,t-20260823121700-5rtng-worker-0,1884470933,1,lm,3.8933120891451836,3.8933120891451836,1.711614040374756,0.6405566930770874,0.1046498715877533,0.00030304000061005354,0.0,3.3192336559295654e-05,1.855174157768488,0.0,886.128,84738048.0,274726912.0,256.0,156.0,100.0,8.0,8.0,8.0,8.0,0.0,20.0
0,t-20260823121700-5rtng-worker-0,1884470933,1,pc,3.181785508990288,3.181785508990288,1.0751687345504761,0.40225785970687866,0.10466262698173523,0.0,0.0036247360110282898,3.532692790031433e-05,1.8566888980567455,0.0,689.514,112134144.0,270532608.0,156.0,156.0,0.0,8.0,8.0,8.0,8.0,5.0,0.0
0,t-20260823121700-5rtng-worker-0,1884470933,2,official,45.1981496848166,45.1981496848166,,,,,,,1.8554816357791424,,12618.361,304039424.0,524288000.0,,,,,,,,,
0,t-20260823121700-5rtng-worker-0,1884470933,2,w1,3.5328407771885395,3.5328407771885395,1.3816085443496704,0.5131044499576092,0.10451086238026619,0.0,0.0,0.0002801455557346344,1.857066784054041,0.0,820.716,62822912.0,268435456.0,156.0,156.0,0.0,39.0,8.0,8.0,8.0,0.0,0.0
0,t-20260823121700-5rtng-worker-0,1884470933,2,fw,3.899688981473446,3.899688981473446,1.7143944053649902,0.6416369341313839,0.10457640886306763,0.0,0.0,4.1134655475616455e-05,1.8579542934894562,0.0,1009.225,84738048.0,272629760.0,256.0,256.0,0.0,8.0,33.0,8.0,8.0,0.0,0.0
0,t-20260823121700-5rtng-worker-0,1884470933,2,lm,3.8955309577286243,3.8955309577286243,1.7132241020202637,0.6410782188177109,0.10454967245459557,0.0003098239991813898,0.0,3.357976675033569e-05,1.8564692735671997,0.0,989.203,84738048.0,274726912.0,256.0,156.0,100.0,8.0,8.0,8.0,8.0,0.0,20.0
0,t-20260823121700-5rtng-worker-0,1884470933,2,pc,3.1864478699862957,3.1864478699862957,1.0772258977890015,0.40261929854750633,0.1051647812128067,0.0,0.003604479968547821,4.988163709640503e-05,1.8577672056853771,0.0,761.887,112134144.0,270532608.0,156.0,156.0,0.0,8.0,8.0,8.0,8.0,5.0,0.0
0,t-20260823121700-5rtng-worker-0,1884470933,3,official,45.32460813596845,45.32460813596845,,,,,,,1.8571822270751,,12407.219,304039424.0,524288000.0,,,,,,,,,
0,t-20260823121700-5rtng-worker-0,1884470933,3,w1,3.534365627914667,3.534365627914667,1.3823815622329712,0.5134591907262802,0.10455682873725891,0.0,0.0,0.00026039406657218933,1.8583584502339363,0.0,799.586,62822912.0,268435456.0,156.0,156.0,0.0,39.0,8.0,8.0,8.0,0.0,0.0
0,t-20260823121700-5rtng-worker-0,1884470933,3,fw,3.89809550344944,3.89809550344944,1.7130844497680664,0.6411990337073803,0.10453847795724869,0.0,0.0,3.7103891372680664e-05,1.858448501676321,0.0,979.494,84738048.0,272629760.0,256.0,256.0,0.0,8.0,33.0,8.0,8.0,0.0,0.0
0,t-20260823121700-5rtng-worker-0,1884470933,3,lm,3.9006858579814434,3.9006858579814434,1.7135289916992187,0.6408953629434109,0.10501490160822868,0.0003076480021700263,0.0,4.638358950614929e-05,1.8589505553245544,0.0,964.697,84738048.0,274726912.0,256.0,156.0,100.0,8.0,8.0,8.0,8.0,0.0,20.0
0,t-20260823121700-5rtng-worker-0,1884470933,3,pc,3.185326300561428,3.185326300561428,1.0754074201583863,0.4019113667309284,0.10518937557935715,0.0,0.0036127040386199952,5.112960934638977e-05,1.8586548008024693,0.0,749.529,112134144.0,270532608.0,156.0,156.0,0.0,8.0,8.0,8.0,8.0,5.0,0.0
0,t-20260823121700-5rtng-worker-0,55048408,0,official,45.2820116057992,45.2820116057992,,,,,,,1.8578302711248398,,12541.027,304039424.0,524288000.0,,,,,,,,,
0,t-20260823121700-5rtng-worker-0,55048408,0,w1,3.5415879376232624,3.5415879376232624,1.383716799736023,0.5135768987238407,0.10515302792191505,0.0,0.0,0.0003513917326927185,1.859300822019577,0.0,804.858,62822912.0,268435456.0,156.0,156.0,0.0,39.0,8.0,8.0,8.0,0.0,0.0
0,t-20260823121700-5rtng-worker-0,55048408,0,fw,3.8912576101720333,3.8912576101720333,1.70633642578125,0.6384912244975567,0.10495413839817047,0.0,0.0,5.2150338888168335e-05,1.8575915768742561,0.0,953.474,84738048.0,272629760.0,256.0,256.0,0.0,8.0,33.0,8.0,8.0,0.0,0.0
0,t-20260823121700-5rtng-worker-0,55048408,0,lm,3.8865180499851704,3.8865180499851704,1.7047267799377441,0.637951698154211,0.10452336445450783,0.00030675200093537567,0.0,3.296509385108948e-05,1.8563197553157806,0.0,955.572,84738048.0,274726912.0,256.0,156.0,100.0,8.0,8.0,8.0,8.0,0.0,20.0
0,t-20260823121700-5rtng-worker-0,55048408,0,pc,3.177441343665123,3.177441343665123,1.070714982032776,0.4003535062074661,0.10479887947440147,0.0,0.003603487968444824,4.579499363899231e-05,1.8573117330670357,0.0,745.818,112134144.0,270532608.0,156.0,156.0,0.0,8.0,8.0,8.0,8.0,5.0,0.0
0,t-20260823121700-5rtng-worker-0,55048408,1,official,45.10434861108661,45.10434861108661,,,,,,,1.8533284701406956,,11404.327,304039424.0,524288000.0,,,,,,,,,
0,t-20260823121700-5rtng-worker-0,55048408,1,w1,3.537040151655674,3.537040151655674,1.382268575668335,0.513011384755373,0.1049470603466034,0.0,0.0,0.0003521479666233063,1.8564658053219318,0.0,730.008,62822912.0,268435456.0,156.0,156.0,0.0,39.0,8.0,8.0,8.0,0.0,0.0
0,t-20260823121700-5rtng-worker-0,55048408,1,fw,3.9014433436095715,3.9014433436095715,1.717920696258545,0.6432514451444149,0.10428730770945549,0.0,0.0,4.3448060750961304e-05,1.8563392832875252,0.0,876.146,84738048.0,272629760.0,256.0,256.0,0.0,8.0,33.0,8.0,8.0,0.0,0.0
0,t-20260823121700-5rtng-worker-0,55048408,1,lm,3.900870341807604,3.900870341807604,1.7164716682434082,0.6424309052526951,0.10496888309717178,0.000307519999332726,0.0,4.702433943748474e-05,1.856622826308012,0.0,877.853,84738048.0,274726912.0,256.0,156.0,100.0,8.0,8.0,8.0,8.0,0.0,20.0
0,t-20260823121700-5rtng-worker-0,55048408,1,pc,3.181685023009777,3.181685023009777,1.0752890872955323,0.402406994253397,0.10457764565944672,0.0,0.003347360014915466,3.235042095184326e-05,1.8559958450496197,0.0,688.087,112134144.0,270532608.0,156.0,156.0,0.0,8.0,8.0,8.0,8.0,5.0,0.0
0,t-20260823121700-5rtng-worker-0,55048408,2,official,45.280645567923784,45.280645567923784,,,,,,,1.8561093136668205,,12970.145,304039424.0,524288000.0,,,,,,,,,
0,t-20260823121700-5rtng-worker-0,55048408,2,w1,3.5308585949242115,3.5308585949242115,1.3811158399581909,0.5131520666182041,0.10449504479765892,0.0,0.0,0.00022352859377861023,1.856071226298809,0.0,832.371,62822912.0,268435456.0,156.0,156.0,0.0,39.0,8.0,8.0,8.0,0.0,0.0
0,t-20260823121700-5rtng-worker-0,55048408,2,fw,3.9035852514207363,3.9035852514207363,1.7171741752624512,0.6428295224905014,0.10453332215547562,0.0,0.0,4.3079257011413574e-05,1.8586589395999908,0.0,969.482,84738048.0,272629760.0,256.0,256.0,0.0,8.0,33.0,8.0,8.0,0.0,0.0
0,t-20260823121700-5rtng-worker-0,55048408,2,lm,3.90314968675375,3.90314968675375,1.7170694580078125,0.6424377635121346,0.10484103113412857,0.0003086080010980368,0.0,3.886222839355469e-05,1.8584469519555569,0.0,973.054,84738048.0,274726912.0,256.0,156.0,100.0,8.0,8.0,8.0,8.0,0.0,20.0
0,t-20260823121700-5rtng-worker-0,55048408,2,pc,3.1847174800932407,3.1847174800932407,1.0767273302078246,0.40250229090452194,0.10501022264361382,0.0,0.003637888014316559,3.750249743461609e-05,1.8577840514481068,0.0,759.304,112134144.0,270532608.0,156.0,156.0,0.0,8.0,8.0,8.0,8.0,5.0,0.0
0,t-20260823121700-5rtng-worker-0,55048408,3,official,45.285093143582344,45.285093143582344,,,,,,,1.8576517701148987,,12722.681,304039424.0,524288000.0,,,,,,,,,
0,t-20260823121700-5rtng-worker-0,55048408,3,w1,3.551057033240795,3.551057033240795,1.3884628486633301,0.5150233432650566,0.10527881234884262,0.0,0.0,0.0003445632755756378,1.8623479045927525,0.0,817.878,62822912.0,268435456.0,156.0,156.0,0.0,39.0,8.0,8.0,8.0,0.0,0.0
0,t-20260823121700-5rtng-worker-0,55048408,3,fw,3.897714674472809,3.897714674472809,1.7129931793212891,0.6411598175764084,0.10506894066929817,0.0,0.0,4.7363340854644775e-05,1.8584321774542332,0.0,956.025,84738048.0,272629760.0,256.0,256.0,0.0,8.0,33.0,8.0,8.0,0.0,0.0
0,t-20260823121700-5rtng-worker-0,55048408,3,lm,3.8986759297549725,3.8986759297549725,1.7132210083007813,0.6410161070525646,0.10480983927845955,0.00031040000263601544,0.0,3.850087523460388e-05,1.8588116876780987,0.0,954.788,84738048.0,274726912.0,256.0,156.0,100.0,8.0,8.0,8.0,8.0,0.0,20.0
0,t-20260823121700-5rtng-worker-0,55048408,3,pc,3.183419708162546,3.183419708162546,1.075227620124817,0.40205657482147217,0.10475169494748116,0.0,0.0034831359982490538,3.768503665924072e-05,1.8590412624180317,0.0,745.023,112134144.0,270532608.0,156.0,156.0,0.0,8.0,8.0,8.0,8.0,5.0,0.0
0,t-20260823121700-5rtng-worker-0,979986572,0,official,45.07566897198558,45.07566897198558,,,,,,,1.8559624180197716,,12626.056,304039424.0,524288000.0,,,,,,,,,
0,t-20260823121700-5rtng-worker-0,979986572,0,w1,3.532904516905546,3.532904516905546,1.3810769577026365,0.513107605278492,0.10445887967944145,0.0,0.0,0.0002487599849700928,1.8582091107964516,0.0,803.689,62822912.0,268435456.0,156.0,156.0,0.0,39.0,8.0,8.0,8.0,0.0,0.0
0,t-20260823121700-5rtng-worker-0,979986572,0,fw,3.8974279016256332,3.8974279016256332,1.7100813865661622,0.6402160972356796,0.10488274693489075,0.0,0.0,4.6022236347198486e-05,1.8598781563341618,0.0,977.404,84738048.0,272629760.0,256.0,256.0,0.0,8.0,33.0,8.0,8.0,0.0,0.0
0,t-20260823121700-5rtng-worker-0,979986572,0,lm,3.8950307071208954,3.8950307071208954,1.7084689903259278,0.638341385871172,0.10502684116363525,0.000305184000171721,0.0,4.165247082710266e-05,1.8592268489301205,0.0,962.78,84738048.0,274726912.0,256.0,156.0,100.0,8.0,8.0,8.0,8.0,0.0,20.0
0,t-20260823121700-5rtng-worker-0,979986572,0,pc,3.1781186126172543,3.1781186126172543,1.0721267137527466,0.4010342136025429,0.10434286668896675,0.0,0.0031770559549331666,3.33152711391449e-05,1.8585080914199352,0.0,772.095,112134144.0,270532608.0,156.0,156.0,0.0,8.0,8.0,8.0,8.0,5.0,0.0
0,t-20260823121700-5rtng-worker-0,979986572,1,official,45.11876806244254,45.11876806244254,,,,,,,1.8537148758769035,,11452.678,304039424.0,524288000.0,,,,,,,,,
0,t-20260823121700-5rtng-worker-0,979986572,1,w1,3.5261279717087746,3.5261279717087746,1.3785135984420775,0.5122045837342739,0.10430112108588219,0.0,0.0,0.0002391412854194641,1.8555207289755344,0.0,730.762,62822912.0,268435456.0,156.0,156.0,0.0,39.0,8.0,8.0,8.0,0.0,0.0
0,t-20260823121700-5rtng-worker-0,979986572,1,fw,3.8955732956528664,3.8955732956528664,1.713927318572998,0.6414774693548679,0.10470656305551529,0.0,0.0,4.447251558303833e-05,1.8557928390800953,0.0,873.204,84738048.0,272629760.0,256.0,256.0,0.0,8.0,33.0,8.0,8.0,0.0,0.0
0,t-20260823121700-5rtng-worker-0,979986572,1,lm,3.8944429717957973,3.8944429717957973,1.713313819885254,0.6415102183818817,0.10457263514399529,0.0003056319989264011,0.0,3.843754529953003e-05,1.8555911928415298,0.0,897.948,84738048.0,274726912.0,256.0,156.0,100.0,8.0,8.0,8.0,8.0,0.0,20.0
0,t-20260823121700-5rtng-worker-0,979986572,1,pc,3.1832260452210903,3.1832260452210903,1.076087013244629,0.40229253098368645,0.10491746664047241,0.0,0.0036169919967651365,4.671141505241394e-05,1.8566348440945148,0.0,701.41,112134144.0,270532608.0,156.0,156.0,0.0,8.0,8.0,8.0,8.0,5.0,0.0
0,t-20260823121700-5rtng-worker-0,979986572,2,official,45.29393497481942,45.29393497481942,,,,,,,1.8554811552166939,,13216.939,304039424.0,524288000.0,,,,,,,,,
0,t-20260823121700-5rtng-worker-0,979986572,2,w1,3.5358133278787136,3.5358133278787136,1.382030020713806,0.513318944722414,0.1046689935028553,0.0,0.0,0.00035047903656959534,1.857531599700451,0.0,829.58,62822912.0,268435456.0,156.0,156.0,0.0,39.0,8.0,8.0,8.0,0.0,0.0
0,t-20260823121700-5rtng-worker-0,979986572,2,fw,3.8957487642765045,3.8957487642765045,1.712903938293457,0.6411520428955555,0.10433176904916763,0.0,0.0,4.131719470024109e-05,1.8569294065237045,0.0,1010.974,84738048.0,272629760.0,256.0,256.0,0.0,8.0,33.0,8.0,8.0,0.0,0.0
0,t-20260823121700-5rtng-worker-0,979986572,2,lm,3.9005650021135807,3.9005650021135807,1.715767364501953,0.6420253254473209,0.1047939732670784,0.0003060799986124039,0.0,3.7807971239089966e-05,1.8583560585975647,0.0,988.591,84738048.0,274726912.0,256.0,156.0,100.0,8.0,8.0,8.0,8.0,0.0,20.0
0,t-20260823121700-5rtng-worker-0,979986572,2,pc,3.183417234569788,3.183417234569788,1.0749353284835816,0.40177111327648163,0.10520640388131142,0.0,0.0035252159237861634,4.512816667556763e-05,1.85753670707345,0.0,795.524,112134144.0,270532608.0,156.0,156.0,0.0,8.0,8.0,8.0,8.0,5.0,0.0
0,t-20260823121700-5rtng-worker-0,979986572,3,official,45.37397116795182,45.37397116795182,,,,,,,1.8575302511453629,,12815.776,304039424.0,524288000.0,,,,,,,,,
0,t-20260823121700-5rtng-worker-0,979986572,3,w1,3.542789489030838,3.542789489030838,1.3861182079315186,0.514752484858036,0.10469956323504448,0.0,0.0,0.0002337321639060974,1.8626235537230968,0.0,823.822,62822912.0,268435456.0,156.0,156.0,0.0,39.0,8.0,8.0,8.0,0.0,0.0
0,t-20260823121700-5rtng-worker-0,979986572,3,fw,3.9032558910548687,3.9032558910548687,1.7170411224365234,0.643072783946991,0.10469040274620056,0.0,0.0,4.0065497159957886e-05,1.8603122308850288,0.0,992.742,84738048.0,272629760.0,256.0,256.0,0.0,8.0,33.0,8.0,8.0,0.0,0.0
0,t-20260823121700-5rtng-worker-0,979986572,3,lm,3.900745466351509,3.900745466351509,1.7123858489990234,0.6404505968093872,0.10519091039896011,0.0003098239991813898,0.0,4.2691826820373535e-05,1.8598479107022285,0.0,970.21,84738048.0,274726912.0,256.0,156.0,100.0,8.0,8.0,8.0,8.0,0.0,20.0
0,t-20260823121700-5rtng-worker-0,979986572,3,pc,3.188279911875725,3.188279911875725,1.076705629348755,0.40266887098550797,0.10531381890177727,0.0,0.0035596799850463865,5.0693750381469727e-05,1.8599782772362232,0.0,788.031,112134144.0,270532608.0,156.0,156.0,0.0,8.0,8.0,8.0,8.0,5.0,0.0
1,t-20260823121700-5rtng-worker-1,1884470933,0,official,44.98980036191642,44.98980036191642,,,,,,,1.8535842299461365,,11051.438,304039424.0,524288000.0,,,,,,,,,
1,t-20260823121700-5rtng-worker-1,1884470933,0,w1,3.525598680600524,3.525598680600524,1.3785651807785033,0.512119622901082,0.10420219041407108,0.0,0.0,0.00018990971148014069,1.8556041456758976,0.0,701.495,62822912.0,268435456.0,156.0,156.0,0.0,39.0,8.0,8.0,8.0,0.0,0.0
1,t-20260823121700-5rtng-worker-1,1884470933,0,fw,3.8840645905584097,3.8840645905584097,1.7052892112731934,0.6384754423052073,0.10405233316123486,0.0,0.0,3.764592111110687e-05,1.8551767598837614,0.0,867.29,84738048.0,272629760.0,256.0,256.0,0.0,8.0,33.0,8.0,8.0,0.0,0.0
1,t-20260823121700-5rtng-worker-1,1884470933,0,lm,3.8849534522742033,3.8849534522742033,1.705414436340332,0.6382953897118568,0.10430962964892387,0.0003045440036803484,0.0,3.5237520933151245e-05,1.8552205972373486,0.0,866.545,84738048.0,274726912.0,256.0,156.0,100.0,8.0,8.0,8.0,8.0,0.0,20.0
1,t-20260823121700-5rtng-worker-1,1884470933,0,pc,3.1725659258663654,3.1725659258663654,1.0701948251724243,0.40033672749996185,0.10418113879859447,0.0,0.003177568018436432,3.6267563700675964e-05,1.8547471221536398,0.0,679.195,112134144.0,270532608.0,156.0,156.0,0.0,8.0,8.0,8.0,8.0,5.0,0.0
1,t-20260823121700-5rtng-worker-1,1884470933,1,official,44.98459131643176,44.98459131643176,,,,,,,1.8543492071330547,,10872.887,304039424.0,524288000.0,,,,,,,,,
1,t-20260823121700-5rtng-worker-1,1884470933,1,w1,3.5239942632615566,3.5239942632615566,1.3778943967819213,0.5119760725647211,0.10419045016169548,0.0,0.0,0.0001872871071100235,1.8546116054058075,0.0,688.704,62822912.0,268435456.0,156.0,156.0,0.0,39.0,8.0,8.0,8.0,0.0,0.0
1,t-20260823121700-5rtng-worker-1,1884470933,1,fw,3.88354448415339,3.88354448415339,1.7045694618225098,0.6381559390574694,0.10402397625148296,0.0,0.0,3.1540170311927795e-05,1.8552862536162138,0.0,866.986,84738048.0,272629760.0,256.0,256.0,0.0,8.0,33.0,8.0,8.0,0.0,0.0
1,t-20260823121700-5rtng-worker-1,1884470933,1,lm,3.885312542319298,3.885312542319298,1.7045929031372071,0.6378585752099752,0.10432164371013641,0.00030428800266236067,0.0,3.423914313316345e-05,1.8562395740300417,0.0,867.668,84738048.0,274726912.0,256.0,156.0,100.0,8.0,8.0,8.0,8.0,0.0,20.0
1,t-20260823121700-5rtng-worker-1,1884470933,1,pc,3.1749983485788107,3.1749983485788107,1.070448218345642,0.40012953244149685,0.10443492233753204,0.0,0.003261088013648987,3.356672823429108e-05,1.8563895765691996,0.0,670.227,112134144.0,270532608.0,156.0,156.0,0.0,8.0,8.0,8.0,8.0,5.0,0.0
1,t-20260823121700-5rtng-worker-1,1884470933,2,official,44.98958970233798,44.98958970233798,,,,,,,1.855030357837677,,10417.888,304039424.0,524288000.0,,,,,,,,,
1,t-20260823121700-5rtng-worker-1,1884470933,2,w1,3.525278616696596,3.525278616696596,1.3786160984039306,0.5120952986180782,0.10422493517398834,0.0,0.0,0.0001982077956199646,1.8550342060625553,0.0,671.129,62822912.0,268435456.0,156.0,156.0,0.0,39.0,8.0,8.0,8.0,0.0,0.0
1,t-20260823121700-5rtng-worker-1,1884470933,2,fw,3.885626880452037,3.885626880452037,1.7064511642456055,0.6387911774218082,0.10405346564948559,0.0,0.0,3.557279706001282e-05,1.8553823605179787,0.0,841.422,84738048.0,272629760.0,256.0,256.0,0.0,8.0,33.0,8.0,8.0,0.0,0.0
1,t-20260823121700-5rtng-worker-1,1884470933,2,lm,3.8855649307370186,3.8855649307370186,1.706582363128662,0.6387348286807537,0.10423319600522518,0.00030521600041538477,0.0,2.563372254371643e-05,1.8547693938016891,0.0,834.308,84738048.0,274726912.0,256.0,156.0,100.0,8.0,8.0,8.0,8.0,0.0,20.0
1,t-20260823121700-5rtng-worker-1,1884470933,2,pc,3.1732815857976675,3.1732815857976675,1.0708249578475952,0.40059782564640045,0.1042180061340332,0.0,0.003024607956409454,3.251805901527405e-05,1.8549792859703302,0.0,654.008,112134144.0,270532608.0,156.0,156.0,0.0,8.0,8.0,8.0,8.0,5.0,0.0
1,t-20260823121700-5rtng-worker-1,1884470933,3,official,45.00626108981669,45.00626108981669,,,,,,,1.8535754512995481,,11033.071,304039424.0,524288000.0,,,,,,,,,
1,t-20260823121700-5rtng-worker-1,1884470933,3,w1,3.525270402431488,3.525270402431488,1.3785997400283814,0.512096056714654,0.10425244085490704,0.0,0.0,0.0001992247998714447,1.85486482642591,0.0,699.698,62822912.0,268435456.0,156.0,156.0,0.0,39.0,8.0,8.0,8.0,0.0,0.0
1,t-20260823121700-5rtng-worker-1,1884470933,3,fw,3.8831745721399784,3.8831745721399784,1.705026439666748,0.6383714117109776,0.10400713048875332,0.0,0.0,3.668852150440216e-05,1.8547782767564058,0.0,861.102,84738048.0,272629760.0,256.0,256.0,0.0,8.0,33.0,8.0,8.0,0.0,0.0
1,t-20260823121700-5rtng-worker-1,1884470933,3,lm,3.884579500183463,3.884579500183463,1.7049638023376466,0.6380813624709845,0.10431525111198425,0.0003055359972640872,0.0,3.5453587770462036e-05,1.8548901695758104,0.0,878.994,84738048.0,274726912.0,256.0,156.0,100.0,8.0,8.0,8.0,8.0,0.0,20.0
1,t-20260823121700-5rtng-worker-1,1884470933,3,pc,3.1721409242600203,3.1721409242600203,1.0699271087646485,0.4002354107797146,0.10414754971861839,0.0,0.003134047985076904,3.473646938800812e-05,1.8548576422035694,0.0,670.648,112134144.0,270532608.0,156.0,156.0,0.0,8.0,8.0,8.0,8.0,5.0,0.0
1,t-20260823121700-5rtng-worker-1,55048408,0,official,44.98924767784774,44.98924767784774,,,,,,,1.8534813020378351,,11049.396,304039424.0,524288000.0,,,,,,,,,
1,t-20260823121700-5rtng-worker-1,55048408,0,w1,3.525839840993285,3.525839840993285,1.3789032678604127,0.5121134594082832,0.10436150431632996,0.0,0.0,0.0002018176019191742,1.8547777980566025,0.0,702.364,62822912.0,268435456.0,156.0,156.0,0.0,39.0,8.0,8.0,8.0,0.0,0.0
1,t-20260823121700-5rtng-worker-1,55048408,0,fw,3.8846597969532013,3.8846597969532013,1.7053850784301758,0.6386155541986227,0.10413861274719238,0.0,0.0,3.7278980016708374e-05,1.8553750161081553,0.0,875.342,84738048.0,272629760.0,256.0,256.0,0.0,8.0,33.0,8.0,8.0,0.0,0.0
1,t-20260823121700-5rtng-worker-1,55048408,0,lm,3.885715940967202,3.885715940967202,1.705736000061035,0.6382685787975788,0.1044570542871952,0.0003068160004913807,0.0,3.4460797905921936e-05,1.8553864937275648,0.0,869.165,84738048.0,274726912.0,256.0,156.0,100.0,8.0,8.0,8.0,8.0,0.0,20.0
1,t-20260823121700-5rtng-worker-1,55048408,0,pc,3.173535533249378,3.173535533249378,1.070643515586853,0.40045062080025673,0.10424052365124226,0.0,0.0033923199772834776,3.437697887420654e-05,1.8557754550129175,0.0,677.694,112134144.0,270532608.0,156.0,156.0,0.0,8.0,8.0,8.0,8.0,5.0,0.0
1,t-20260823121700-5rtng-worker-1,55048408,1,official,44.997268348932266,44.997268348932266,,,,,,,1.8541483618319035,,10863.39,304039424.0,524288000.0,,,,,,,,,
1,t-20260823121700-5rtng-worker-1,55048408,1,w1,3.5254979077726603,3.5254979077726603,1.3787057600021364,0.5121495071798563,0.10433689318597317,0.0,0.0,0.00021391361951828003,1.855094650760293,0.0,684.874,62822912.0,268435456.0,156.0,156.0,0.0,39.0,8.0,8.0,8.0,0.0,0.0
1,t-20260823121700-5rtng-worker-1,55048408,1,fw,3.8831010032445192,3.8831010032445192,1.7043995933532714,0.6380778755992651,0.10397453978657722,0.0,0.0,3.414414823055267e-05,1.8554308377206326,0.0,850.628,84738048.0,272629760.0,256.0,256.0,0.0,8.0,33.0,8.0,8.0,0.0,0.0
1,t-20260823121700-5rtng-worker-1,55048408,1,lm,3.885165713727474,3.885165713727474,1.704487392425537,0.638068912550807,0.10456603951752186,0.00030716799851506946,0.0,3.5176053643226624e-05,1.8557865284383297,0.0,864.003,84738048.0,274726912.0,256.0,156.0,100.0,8.0,8.0,8.0,8.0,0.0,20.0
1,t-20260823121700-5rtng-worker-1,55048408,1,pc,3.1726012732833624,3.1726012732833624,1.0697086143493653,0.4001008253544569,0.10421159490942955,0.0,0.003158464014530182,3.328360617160797e-05,1.8560388404875994,0.0,659.285,112134144.0,270532608.0,156.0,156.0,0.0,8.0,8.0,8.0,8.0,5.0,0.0
1,t-20260823121700-5rtng-worker-1,55048408,2,official,44.98461684025824,44.98461684025824,,,,,,,1.8533731698989868,,10564.933,304039424.0,524288000.0,,,,,,,,,
1,t-20260823121700-5rtng-worker-1,55048408,2,w1,3.5238089244812727,3.5238089244812727,1.3781818866729736,0.5120733361691236,0.10418577678501606,0.0,0.0,0.00018583983182907104,1.8550174124538898,0.0,672.55,62822912.0,268435456.0,156.0,156.0,0.0,39.0,8.0,8.0,8.0,0.0,0.0
1,t-20260823121700-5rtng-worker-1,55048408,2,fw,3.8859836366027594,3.8859836366027594,1.7067523155212403,0.6390590723603964,0.10401099547743797,0.0,0.0,3.343820571899414e-05,1.855416439473629,0.0,834.172,84738048.0,272629760.0,256.0,256.0,0.0,8.0,33.0,8.0,8.0,0.0,0.0
1,t-20260823121700-5rtng-worker-1,55048408,2,lm,3.885715888813138,3.885715888813138,1.706993350982666,0.6388391759246588,0.10426987335085869,0.00030483199842274187,0.0,3.5023316740989685e-05,1.8546313345432281,0.0,833.38,84738048.0,274726912.0,256.0,156.0,100.0,8.0,8.0,8.0,8.0,0.0,20.0
1,t-20260823121700-5rtng-worker-1,55048408,2,pc,3.17223497107625,3.17223497107625,1.0707292165756226,0.40059350430965424,0.10418495535850525,0.0,0.0031127360463142394,3.54032963514328e-05,1.854670437052846,0.0,635.421,112134144.0,270532608.0,156.0,156.0,0.0,8.0,8.0,8.0,8.0,5.0,0.0
1,t-20260823121700-5rtng-worker-1,55048408,3,official,45.055599147453904,45.055599147453904,,,,,,,1.8538971077650785,,11056.932,304039424.0,524288000.0,,,,,,,,,
1,t-20260823121700-5rtng-worker-1,55048408,3,w1,3.525256719440222,3.525256719440222,1.3779683561325071,0.5119884349405766,0.10425037518143654,0.0,0.0,0.00021690316498279572,1.8550608046352863,0.0,709.838,62822912.0,268435456.0,156.0,156.0,0.0,39.0,8.0,8.0,8.0,0.0,0.0
1,t-20260823121700-5rtng-worker-1,55048408,3,fw,3.8830855414271355,3.8830855414271355,1.7048525390625,0.6383060794323683,0.10400060564279556,0.0,0.0,3.7319958209991455e-05,1.854833284392953,0.0,878.447,84738048.0,272629760.0,256.0,256.0,0.0,8.0,33.0,8.0,8.0,0.0,0.0
1,t-20260823121700-5rtng-worker-1,55048408,3,lm,3.8827443793416023,3.8827443793416023,1.704777561187744,0.6380694396793842,0.10423057153820992,0.00030464000161737205,0.0,3.101862967014313e-05,1.8541480265557766,0.0,879.177,84738048.0,274726912.0,256.0,156.0,100.0,8.0,8.0,8.0,8.0,0.0,20.0
1,t-20260823121700-5rtng-worker-1,55048408,3,pc,3.1719822231680155,3.1719822231680155,1.0702301177978515,0.4002668783068657,0.10435669310390949,0.0,0.0031372479796409605,3.512948751449585e-05,1.8548863604664803,0.0,688.179,112134144.0,270532608.0,156.0,156.0,0.0,8.0,8.0,8.0,8.0,5.0,0.0
1,t-20260823121700-5rtng-worker-1,979986572,0,official,45.004341293126345,45.004341293126345,,,,,,,1.8538883868604898,,11062.506,304039424.0,524288000.0,,,,,,,,,
1,t-20260823121700-5rtng-worker-1,979986572,0,w1,3.525205034762621,3.525205034762621,1.3785509147644042,0.5121230836957693,0.1042991541326046,0.0,0.0,0.00020976178348064423,1.8547210544347763,0.0,702.808,62822912.0,268435456.0,156.0,156.0,0.0,39.0,8.0,8.0,8.0,0.0,0.0
1,t-20260823121700-5rtng-worker-1,979986572,0,fw,3.8837413247674704,3.8837413247674704,1.7055499534606933,0.6385874841362238,0.10402697883546352,0.0,0.0,3.376230597496033e-05,1.855042876675725,0.0,868.914,84738048.0,272629760.0,256.0,256.0,0.0,8.0,33.0,8.0,8.0,0.0,0.0
1,t-20260823121700-5rtng-worker-1,979986572,0,lm,3.886657128110528,3.886657128110528,1.70594429397583,0.6383656188845634,0.10441606678068638,0.0003071039980277419,0.0,3.272294998168945e-05,1.8560757730156183,0.0,868.137,84738048.0,274726912.0,256.0,156.0,100.0,8.0,8.0,8.0,8.0,0.0,20.0
1,t-20260823121700-5rtng-worker-1,979986572,0,pc,3.172979572787881,3.172979572787881,1.07028213596344,0.4003122951835394,0.10428578406572342,0.0,0.003262751996517181,3.622658550739288e-05,1.8553860485553741,0.0,679.073,112134144.0,270532608.0,156.0,156.0,0.0,8.0,8.0,8.0,8.0,5.0,0.0
1,t-20260823121700-5rtng-worker-1,979986572,1,official,44.98345549963415,44.98345549963415,,,,,,,1.8543302714824677,,10858.62,304039424.0,524288000.0,,,,,,,,,
1,t-20260823121700-5rtng-worker-1,979986572,1,w1,3.5242972876876593,3.5242972876876593,1.3779230728149414,0.5118909943848848,0.10430504754185677,0.0,0.0,0.0002180039882659912,1.8543593920767307,0.0,688.546,62822912.0,268435456.0,156.0,156.0,0.0,39.0,8.0,8.0,8.0,0.0,0.0
1,t-20260823121700-5rtng-worker-1,979986572,1,fw,3.8842412289232016,3.8842412289232016,1.704621307373047,0.6382000055164099,0.10400824435055256,0.0,0.0,3.622472286224365e-05,1.8556245788931847,0.0,863.885,84738048.0,272629760.0,256.0,256.0,0.0,8.0,33.0,8.0,8.0,0.0,0.0
1,t-20260823121700-5rtng-worker-1,979986572,1,lm,3.8843012135475874,3.8843012135475874,1.70454048538208,0.6378594189882278,0.1044222991913557,0.0003035520017147064,0.0,3.5881996154785156e-05,1.8552078325301409,0.0,867.657,84738048.0,274726912.0,256.0,156.0,100.0,8.0,8.0,8.0,8.0,0.0,20.0
1,t-20260823121700-5rtng-worker-1,979986572,1,pc,3.173765640705824,3.173765640705824,1.0703747463226319,0.40027342550456524,0.10421200096607208,0.0,0.0030632960200309752,3.5993754863739014e-05,1.8566281609237194,0.0,674.644,112134144.0,270532608.0,156.0,156.0,0.0,8.0,8.0,8.0,8.0,5.0,0.0
1,t-20260823121700-5rtng-worker-1,979986572,2,official,44.97140865959227,44.97140865959227,,,,,,,1.8533866852521896,,10571.391,304039424.0,524288000.0,,,,,,,,,
1,t-20260823121700-5rtng-worker-1,979986572,2,w1,3.525619538500905,3.525619538500905,1.37831768989563,0.512117862701416,0.10424983315169811,0.0,0.0,0.00017210841178894043,1.8551631849259138,0.0,672.149,62822912.0,268435456.0,156.0,156.0,0.0,39.0,8.0,8.0,8.0,0.0,0.0
1,t-20260823121700-5rtng-worker-1,979986572,2,fw,3.8840946089476347,3.8840946089476347,1.705724884033203,0.6388003490865231,0.10400406271219254,0.0,0.0,3.678351640701294e-05,1.8549544475972652,0.0,824.354,84738048.0,272629760.0,256.0,256.0,0.0,8.0,33.0,8.0,8.0,0.0,0.0
1,t-20260823121700-5rtng-worker-1,979986572,2,lm,3.886202584952116,3.886202584952116,1.7060418815612792,0.638646312057972,0.10427659936249256,0.0003024640027433634,0.0,3.579258918762207e-05,1.8554138410836458,0.0,847.08,84738048.0,274726912.0,256.0,156.0,100.0,8.0,8.0,8.0,8.0,0.0,20.0
1,t-20260823121700-5rtng-worker-1,979986572,2,pc,3.1722655836492777,3.1722655836492777,1.07061376285553,0.4006203003227711,0.1041913591325283,0.0,0.0030817920565605166,3.5090371966362e-05,1.854920381680131,0.0,654.548,112134144.0,270532608.0,156.0,156.0,0.0,8.0,8.0,8.0,8.0,5.0,0.0
1,t-20260823121700-5rtng-worker-1,979986572,3,official,45.00304511003196,45.00304511003196,,,,,,,1.8534529153257608,,11041.954,304039424.0,524288000.0,,,,,,,,,
1,t-20260823121700-5rtng-worker-1,979986572,3,w1,3.5256057921797037,3.5256057921797037,1.378480453491211,0.5120190177112818,0.10431940853595734,0.0,0.0,0.00021067261695861816,1.8557302877306938,0.0,709.719,62822912.0,268435456.0,156.0,156.0,0.0,39.0,8.0,8.0,8.0,0.0,0.0
1,t-20260823121700-5rtng-worker-1,979986572,3,fw,3.8839950133115053,3.8839950133115053,1.7050278167724608,0.6383384428918362,0.10414469800889492,0.0,0.0,3.374554216861725e-05,1.85531141795218,0.0,880.975,84738048.0,272629760.0,256.0,256.0,0.0,8.0,33.0,8.0,8.0,0.0,0.0
1,t-20260823121700-5rtng-worker-1,979986572,3,lm,3.884151589125395,3.884151589125395,1.705077465057373,0.6380435787141323,0.10437142290174961,0.0003036159984767437,0.0,4.074908792972565e-05,1.854901883751154,0.0,880.703,84738048.0,274726912.0,256.0,156.0,100.0,8.0,8.0,8.0,8.0,0.0,20.0
1,t-20260823121700-5rtng-worker-1,979986572,3,pc,3.174560194835067,3.174560194835067,1.0706137638092041,0.4002205319702625,0.10462138243019581,0.0,0.003610592007637024,3.542192280292511e-05,1.8550377432256937,0.0,670.878,112134144.0,270532608.0,156.0,156.0,0.0,8.0,8.0,8.0,8.0,5.0,0.0
